{
  "$schema": "https://biomejs.dev/schemas/1.9.4/schema.json",
  "vcs": {
    "enabled": true,
    "clientKind": "git",
    "useIgnoreFile": true
  },
  "files": {
    "ignoreUnknown": true,
    "ignore": [
      "node_modules",
      ".next",
      "out",
      "dist",
      "build",
      ".env*",
      ".vscode",
      ".idea",
      "*.log",
      "coverage",
      ".cache",
      ".turbo",
      ".vercel",
      "public",
      "pnpm-lock.yaml"
    ]
  },
  "formatter": {
    "enabled": true,
    "formatWithErrors": false,
    "indentStyle": "space",
    "indentWidth": 2,
    "lineEnding": "lf",
    "lineWidth": 80,
    "attributePosition": "auto"
  },
  "linter": {
    "enabled": true,
    "rules": {
      "recommended": true,
      "complexity": {
        "noExcessiveCognitiveComplexity": "off"
      },
      "correctness": {
        "noConstantCondition": "warn",
        "noConstantMathMinMaxClamp": "error",
        "noInnerDeclarations": "error",
        "noInvalidConstructorSuper": "error",
        "noNewSymbol": "error",
        "noNonoctalDecimalEscape": "error",
        "noPrecisionLoss": "error",
        "noSelfAssign": "error",
        "noSetterReturn": "error",
        "noStringCaseMismatch": "error",
        "noUndeclaredVariables": "error",
        "noUnreachable": "error",
        "noUnreachableSuper": "error",
        "noUnsafeFinally": "error",
        "noUnsafeOptionalChaining": "error",
        "useArrayLiterals": "error",
        "useIsNan": "error",
        "useYield": "error"
      },
      "style": {
        "noImplicitBoolean": "warn",
        "noInferrableTypes": "warn",
        "noNamespaceImport": "off",
        "noNonNullAssertion": "warn",
        "noParameterAssign": "warn",
        "noUnusedTemplateLiteral": "warn",
        "useAsConstAssertion": "warn",
        "useBlockStatements": "off",
        "useConst": "warn",
        "useDefaultParameterLast": "warn",
        "useEnumInitializers": "warn",
        "useFragmentSyntax": "error",
        "useLiteralEnumMembers": "warn",
        "useNamingConvention": "off",
        "useNumericLiterals": "warn",
        "useNodejsImportProtocol": "off",
        "useSelfClosingElements": "error",
        "useTemplate": "warn"
      },
      "suspicious": {
        "noArrayIndexKey": "warn",
        "noAssignInExpressions": "warn",
        "noAsyncPromiseExecutor": "error",
        "noCatchAssign": "error",
        "noClassAssign": "error",
        "noCommentText": "off",
        "noCompareNegZero": "error",
        "noControlCharactersInRegex": "error",
        "noDebugger": "warn",
        "noDoubleEquals": "warn",
        "noDuplicateClassMembers": "error",
        "noDuplicateObjectKeys": "error",
        "noDuplicateParameters": "error",
        "noExplicitAny": "warn",
        "noExtraNonNullAssertion": "error",
        "noFallthroughSwitchClause": "error",
        "noFunctionAssign": "error",
        "noGlobalAssign": "error",
        "noImportAssign": "error",
        "noLabelVar": "error",
        "noMisleadingCharacterClass": "error",
        "noMisleadingInstantiator": "error",
        "noPrototypeBuiltins": "error",
        "noRedeclare": "error",
        "noShadowRestrictedNames": "error",
        "noSparseArray": "error",
        "noUnsafeDeclarationMerging": "error",
        "noUnsafeNegation": "error",
        "useGetterReturn": "error",
        "useIsArray": "warn"
      },
      "performance": {
        "noAccumulatingSpread": "warn",
        "noDelete": "warn"
      }
    }
  },
  "javascript": {
    "parser": {
      "unsafeParameterDecoratorsEnabled": true
    },
    "globals": ["React"]
  },
  "json": {
    "formatter": {
      "trailingCommas": "none"
    }
  }
}
